TestID,ScheduledTime,TestTime
T0001,00.01,1.04
T0002,00.02,2.38
T0003,00.02,1.45
T0004,00.03,1.06
T0005,00.04,1.24
T0006,00.07,2.04
T0007,00.07,1.26
T0008,00.09,1.50
T0009,00.16,1.26
T0010,00.19,1.57
T0011,00.27,1.57
T0012,00.29,1.31
T0013,00.30,2.41
T0014,00.31,2.38
T0015,00.31,1.43
T0016,00.36,1.24
T0017,00.42,2.09
T0018,00.42,1.57
T0019,00.43,1.28
T0020,00.43,1.39
T0021,00.45,1.22
T0022,00.45,1.33
T0023,00.50,2.43
T0024,00.51,1.26
T0025,00.53,1.53
T0026,00.56,1.43
T0027,00.57,1.58
T0028,01.03,2.32
T0029,01.12,1.40
T0030,01.14,2.47
T0031,01.15,1.22
T0032,01.17,1.33
T0033,01.19,1.23
T0034,01.20,1.12
T0035,01.22,2.22
T0036,01.26,1.45
T0037,01.32,2.30
T0038,01.32,1.31
T0039,01.35,2.37
T0040,01.37,2.19
T0041,01.37,2.31
T0042,01.39,1.07
T0043,01.41,1.58
T0044,01.44,2.43
T0045,01.51,1.29
T0046,01.52,1.35
T0047,01.55,1.37
T0048,01.58,1.58
T0049,02.04,1.37
T0050,02.04,2.19
T0051,02.07,1.44
T0052,02.07,1.06
T0053,02.08,1.24
T0054,02.12,2.26
T0055,02.13,1.34
T0056,02.20,1.01
T0057,02.22,1.54
T0058,02.24,1.29
T0059,02.40,2.10
T0060,02.48,1.53
T0061,02.49,1.43
T0062,02.53,1.47
T0063,03.02,1.02
T0064,03.09,1.08
T0065,03.14,1.18
T0066,03.19,2.03
T0067,03.28,1.15
T0068,03.29,1.59
T0069,03.34,1.03
T0070,03.36,1.34
T0071,03.54,1.57
T0072,03.57,1.04
T0073,03.59,2.59
T0074,04.02,1.47
T0075,04.04,1.53
T0076,04.06,1.21
T0077,04.08,1.25
T0078,04.10,2.32
T0079,04.12,2.16
T0080,04.24,1.38
T0081,04.35,1.50
T0082,04.37,1.52
T0083,04.39,2.25
T0084,04.42,1.42
T0085,04.44,1.27
T0086,04.45,1.16
T0087,04.48,1.56
T0088,04.56,1.57
T0089,04.57,2.17
T0090,04.57,1.22
T0091,05.09,1.24
T0092,05.12,1.13
T0093,05.13,1.36
T0094,05.20,1.29
T0095,05.20,1.45
T0096,05.26,1.03
T0097,05.31,1.30
T0098,05.44,1.38
T0099,05.47,2.06
T0100,06.06,1.33
T0101,06.06,2.14
T0102,06.15,1.26
T0103,06.16,1.34
T0104,06.18,1.17
T0105,06.19,1.16
T0106,06.28,1.31
T0107,06.30,1.40
T0108,06.37,2.50
T0109,06.41,1.14
T0110,06.41,1.45
T0111,06.41,1.03
T0112,06.45,1.49
T0113,06.49,1.37
T0114,06.51,1.40
T0115,06.54,1.41
T0116,07.02,1.38
T0117,07.06,1.46
T0118,07.06,1.58
T0119,07.09,2.40
T0120,07.10,1.52
T0121,07.15,1.55
T0122,07.17,1.25
T0123,07.20,1.28
T0124,07.23,2.04
T0125,07.24,1.51
T0126,07.30,1.53
T0127,07.31,1.41
T0128,07.35,1.29
T0129,07.48,2.09
T0130,07.49,1.51
T0131,07.49,1.45
T0132,07.55,1.17
T0133,07.57,1.08
T0134,08.02,2.33
T0135,08.02,2.22
T0136,08.02,2.32
T0137,08.04,2.24
T0138,08.07,1.44
T0139,08.12,2.21
T0140,08.14,2.45
T0141,08.15,2.32
T0142,08.20,1.41
T0143,08.21,2.33
T0144,08.21,1.21
T0145,08.34,2.02
T0146,08.42,1.38
T0147,08.43,2.47
T0148,08.46,2.41
T0149,08.48,2.55
T0150,08.54,1.35
T0151,09.00,2.23
T0152,09.02,1.11
T0153,09.06,1.09
T0154,09.09,1.21
T0155,09.10,2.43
T0156,09.13,1.28
T0157,09.13,1.01
T0158,09.15,1.04
T0159,09.20,1.14
T0160,09.24,2.01
T0161,09.27,2.17
T0162,09.29,1.43
T0163,09.35,1.02
T0164,09.36,1.35
T0165,09.36,2.42
T0166,09.37,1.34
T0167,09.38,1.26
T0168,09.39,1.12
T0169,09.40,1.00
T0170,09.42,2.32
T0171,09.45,2.55
T0172,09.48,1.17
T0173,09.48,1.24
T0174,09.49,2.35
T0175,09.51,2.55
T0176,09.54,2.08
T0177,09.56,1.15
T0178,09.59,1.26
T0179,10.01,2.02
T0180,10.02,1.38
T0181,10.02,2.30
T0182,10.04,1.26
T0183,10.04,1.02
T0184,10.06,2.51
T0185,10.07,2.26
T0186,10.11,2.24
T0187,10.12,1.37
T0188,10.15,1.50
T0189,10.19,2.48
T0190,10.19,1.58
T0191,10.19,1.26
T0192,10.19,2.04
T0193,10.19,2.17
T0194,10.25,1.22
T0195,10.26,1.03
T0196,10.26,1.20
T0197,10.26,1.13
T0198,10.27,1.50
T0199,10.28,2.42
T0200,10.28,1.53
T0201,10.29,1.53
T0202,10.29,1.54
T0203,10.30,1.26
T0204,10.31,2.02
T0205,10.32,1.33
T0206,10.34,1.41
T0207,10.34,1.26
T0208,10.35,1.16
T0209,10.35,1.24
T0210,10.35,1.13
T0211,10.40,1.30
T0212,10.43,1.08
T0213,10.44,1.55
T0214,10.44,1.40
T0215,10.44,1.25
T0216,10.45,1.41
T0217,10.49,1.34
T0218,10.49,1.42
T0219,10.51,1.45
T0220,10.53,2.33
T0221,10.54,1.58
T0222,10.55,1.25
T0223,10.55,2.00
T0224,10.58,1.19
T0225,10.59,1.34
T0226,11.00,1.51
T0227,11.00,1.36
T0228,11.03,1.02
T0229,11.04,1.32
T0230,11.07,1.58
T0231,11.08,1.30
T0232,11.09,1.47
T0233,11.09,1.15
T0234,11.10,1.18
T0235,11.13,1.34
T0236,11.13,1.13
T0237,11.13,1.02
T0238,11.14,1.08
T0239,11.14,1.01
T0240,11.14,1.17
T0241,11.17,1.58
T0242,11.19,1.07
T0243,11.25,1.58
T0244,11.26,1.42
T0245,11.26,2.53
T0246,11.29,2.03
T0247,11.30,1.10
T0248,11.30,1.48
T0249,11.30,1.45
T0250,11.35,1.25
T0251,11.39,1.14
T0252,11.39,1.07
T0253,11.42,1.16
T0254,11.43,1.33
T0255,11.43,2.28
T0256,11.44,2.07
T0257,11.45,1.22
T0258,11.46,1.53
T0259,11.49,1.49
T0260,11.50,1.02
T0261,11.52,1.49
T0262,11.52,2.48
T0263,11.52,1.15
T0264,11.52,1.04
T0265,11.54,1.29
T0266,11.59,2.41
T0267,11.59,1.26
T0268,12.00,1.33
T0269,12.01,1.26
T0270,12.02,1.57
T0271,12.03,2.53
T0272,12.07,2.15
T0273,12.11,1.14
T0274,12.13,1.40
T0275,12.13,1.50
T0276,12.18,1.50
T0277,12.19,1.56
T0278,12.21,2.15
T0279,12.21,1.12
T0280,12.21,1.23
T0281,12.23,1.13
T0282,12.24,2.25
T0283,12.26,2.51
T0284,12.27,1.26
T0285,12.31,1.17
T0286,12.33,1.31
T0287,12.34,1.30
T0288,12.34,2.57
T0289,12.38,1.21
T0290,12.39,1.52
T0291,12.40,1.03
T0292,12.43,1.49
T0293,12.47,1.02
T0294,12.47,1.35
T0295,12.49,1.12
T0296,12.50,1.49
T0297,12.58,2.31
T0298,12.58,1.45
T0299,13.03,1.11
T0300,13.07,2.30
T0301,13.10,1.45
T0302,13.10,1.55
T0303,13.11,1.55
T0304,13.13,1.02
T0305,13.14,1.40
T0306,13.19,2.00
T0307,13.21,1.58
T0308,13.24,1.15
T0309,13.24,1.56
T0310,13.25,1.02
T0311,13.31,1.22
T0312,13.33,1.47
T0313,13.35,1.42
T0314,13.36,1.38
T0315,13.37,1.47
T0316,13.37,1.22
T0317,13.37,2.00
T0318,13.37,2.21
T0319,13.38,2.03
T0320,13.42,1.18
T0321,13.43,1.09
T0322,13.44,1.02
T0323,13.45,2.27
T0324,13.46,1.27
T0325,13.46,1.32
T0326,13.49,2.06
T0327,13.50,1.33
T0328,13.52,1.12
T0329,13.53,1.12
T0330,13.55,1.06
T0331,13.56,1.32
T0332,13.57,1.37
T0333,13.59,1.48
T0334,13.59,1.48
T0335,14.00,1.03
T0336,14.00,1.37
T0337,14.03,1.37
T0338,14.04,1.39
T0339,14.05,1.40
T0340,14.05,1.44
T0341,14.07,2.02
T0342,14.08,1.44
T0343,14.09,1.47
T0344,14.14,2.08
T0345,14.15,1.12
T0346,14.16,1.04
T0347,14.16,1.35
T0348,14.16,1.11
T0349,14.16,2.15
T0350,14.19,1.13
T0351,14.21,1.27
T0352,14.21,2.57
T0353,14.23,1.11
T0354,14.27,1.34
T0355,14.28,1.55
T0356,14.30,1.21
T0357,14.34,1.21
T0358,14.35,1.31
T0359,14.38,1.52
T0360,14.38,2.32
T0361,14.40,1.40
T0362,14.41,2.41
T0363,14.42,1.56
T0364,14.43,1.45
T0365,14.43,1.40
T0366,14.44,1.12
T0367,14.45,1.05
T0368,14.46,2.44
T0369,14.48,2.23
T0370,14.49,1.00
T0371,14.49,2.34
T0372,14.50,1.24
T0373,14.51,1.16
T0374,14.55,1.46
T0375,15.01,1.52
T0376,15.04,1.18
T0377,15.04,1.44
T0378,15.05,2.38
T0379,15.08,1.55
T0380,15.08,1.36
T0381,15.08,1.06
T0382,15.08,1.54
T0383,15.09,1.21
T0384,15.11,1.52
T0385,15.11,1.02
T0386,15.12,2.33
T0387,15.12,2.42
T0388,15.13,1.55
T0389,15.15,1.24
T0390,15.17,1.23
T0391,15.17,1.53
T0392,15.19,2.48
T0393,15.21,2.20
T0394,15.22,2.28
T0395,15.24,1.23
T0396,15.25,2.32
T0397,15.26,1.33
T0398,15.29,1.50
T0399,15.30,2.04
T0400,15.30,1.56
T0401,15.31,1.36
T0402,15.31,1.29
T0403,15.33,2.45
T0404,15.34,2.14
T0405,15.35,2.49
T0406,15.36,1.21
T0407,15.36,1.36
T0408,15.36,2.07
T0409,15.37,1.15
T0410,15.37,2.45
T0411,15.39,1.50
T0412,15.41,1.13
T0413,15.41,1.21
T0414,15.43,1.35
T0415,15.44,1.06
T0416,15.44,1.25
T0417,15.45,2.18
T0418,15.45,1.36
T0419,15.46,2.47
T0420,15.49,1.44
T0421,15.49,1.50
T0422,15.49,1.01
T0423,15.50,1.44
T0424,15.51,2.03
T0425,15.57,1.51
T0426,15.57,1.42
T0427,15.59,1.31
T0428,15.59,1.29
T0429,16.00,2.31
T0430,16.03,2.39
T0431,16.05,1.06
T0432,16.06,1.17
T0433,16.07,1.01
T0434,16.08,2.20
T0435,16.09,2.58
T0436,16.10,1.17
T0437,16.10,1.04
T0438,16.12,1.52
T0439,16.12,1.05
T0440,16.14,1.18
T0441,16.14,1.42
T0442,16.15,1.07
T0443,16.15,2.52
T0444,16.16,1.24
T0445,16.19,1.06
T0446,16.19,1.21
T0447,16.20,1.31
T0448,16.25,1.06
T0449,16.25,2.16
T0450,16.26,1.11
T0451,16.27,1.48
T0452,16.28,1.12
T0453,16.29,1.57
T0454,16.30,1.30
T0455,16.31,1.19
T0456,16.31,1.08
T0457,16.31,1.34
T0458,16.32,1.49
T0459,16.33,1.56
T0460,16.34,1.29
T0461,16.36,1.28
T0462,16.42,1.27
T0463,16.42,1.57
T0464,16.42,1.10
T0465,16.44,1.56
T0466,16.45,1.25
T0467,16.46,2.10
T0468,16.48,1.40
T0469,16.49,1.16
T0470,16.50,1.13
T0471,16.50,1.45
T0472,16.51,1.20
T0473,16.55,1.31
T0474,16.56,2.35
T0475,16.58,2.14
T0476,17.00,1.43
T0477,17.02,1.03
T0478,17.02,1.38
T0479,17.02,1.38
T0480,17.03,1.27
T0481,17.03,2.33
T0482,17.03,2.52
T0483,17.04,1.06
T0484,17.05,1.48
T0485,17.07,1.32
T0486,17.09,1.58
T0487,17.09,2.47
T0488,17.14,1.03
T0489,17.18,1.38
T0490,17.20,1.40
T0491,17.21,1.24
T0492,17.23,1.20
T0493,17.24,1.16
T0494,17.24,2.38
T0495,17.25,2.37
T0496,17.26,1.07
T0497,17.28,1.47
T0498,17.31,1.33
T0499,17.32,1.25
T0500,17.34,1.35
T0501,17.35,1.23
T0502,17.38,1.19
T0503,17.40,1.22
T0504,17.47,1.16
T0505,17.47,1.34
T0506,17.47,1.07
T0507,17.50,1.12
T0508,17.53,1.43
T0509,17.56,1.53
T0510,17.57,1.11
T0511,17.58,1.02
T0512,17.59,1.54
T0513,18.00,1.20
T0514,18.00,1.35
T0515,18.01,2.58
T0516,18.02,2.40
T0517,18.03,1.03
T0518,18.04,1.16
T0519,18.07,1.14
T0520,18.09,1.13
T0521,18.09,2.28
T0522,18.10,2.22
T0523,18.13,1.20
T0524,18.16,1.06
T0525,18.16,1.51
T0526,18.18,1.05
T0527,18.19,2.18
T0528,18.19,1.27
T0529,18.23,1.12
T0530,18.23,1.18
T0531,18.25,2.40
T0532,18.26,1.52
T0533,18.28,1.08
T0534,18.29,1.19
T0535,18.29,1.56
T0536,18.29,1.20
T0537,18.31,1.08
T0538,18.31,1.43
T0539,18.32,1.51
T0540,18.36,1.54
T0541,18.38,1.03
T0542,18.39,2.08
T0543,18.42,1.04
T0544,18.43,1.59
T0545,18.43,1.33
T0546,18.46,1.13
T0547,18.47,1.55
T0548,18.47,2.44
T0549,18.48,1.21
T0550,18.49,1.14
T0551,18.49,1.28
T0552,18.53,1.04
T0553,18.53,2.10
T0554,18.53,1.02
T0555,18.54,1.45
T0556,18.56,1.51
T0557,18.58,2.11
T0558,18.59,1.03
T0559,19.01,1.25
T0560,19.07,1.12
T0561,19.07,2.20
T0562,19.07,1.30
T0563,19.07,1.27
T0564,19.08,2.03
T0565,19.09,1.01
T0566,19.11,2.45
T0567,19.11,1.45
T0568,19.13,1.43
T0569,19.13,2.59
T0570,19.14,1.20
T0571,19.15,1.39
T0572,19.16,1.17
T0573,19.16,1.32
T0574,19.19,1.52
T0575,19.21,1.51
T0576,19.21,1.45
T0577,19.22,1.21
T0578,19.25,2.17
T0579,19.25,2.04
T0580,19.28,1.36
T0581,19.29,1.40
T0582,19.31,1.48
T0583,19.32,1.08
T0584,19.33,1.55
T0585,19.37,1.30
T0586,19.37,1.44
T0587,19.43,1.59
T0588,19.50,1.45
T0589,19.53,1.09
T0590,19.57,1.24
T0591,19.59,1.26
T0592,20.01,1.32
T0593,20.05,1.01
T0594,20.06,1.56
T0595,20.06,1.56
T0596,20.07,1.33
T0597,20.07,1.17
T0598,20.10,1.17
T0599,20.11,1.05
T0600,20.12,1.02
T0601,20.13,2.15
T0602,20.13,1.24
T0603,20.19,2.05
T0604,20.19,1.52
T0605,20.26,1.52
T0606,20.27,1.03
T0607,20.29,1.18
T0608,20.29,2.30
T0609,20.30,2.20
T0610,20.30,1.50
T0611,20.31,2.25
T0612,20.33,2.18
T0613,20.34,2.49
T0614,20.36,1.56
T0615,20.37,2.25
T0616,20.40,1.21
T0617,20.42,1.09
T0618,20.42,1.32
T0619,20.42,1.40
T0620,20.43,1.34
T0621,20.49,1.19
T0622,20.51,1.15
T0623,20.53,1.53
T0624,20.54,1.24
T0625,20.59,1.09
T0626,21.00,1.47
T0627,21.01,1.15
T0628,21.09,2.32
T0629,21.09,1.12
T0630,21.09,1.54
T0631,21.13,1.44
T0632,21.13,1.29
T0633,21.14,2.35
T0634,21.14,1.13
T0635,21.15,1.54
T0636,21.17,1.58
T0637,21.28,2.37
T0638,21.34,1.03
T0639,21.37,1.41
T0640,21.39,1.39
T0641,21.41,2.33
T0642,21.46,1.43
T0643,21.47,1.56
T0644,21.49,1.16
T0645,21.51,1.27
T0646,21.52,1.01
T0647,21.54,1.13
T0648,21.54,1.12
T0649,21.56,1.18
T0650,22.01,1.08
T0651,22.02,1.08
T0652,22.03,1.08
T0653,22.07,1.02
T0654,22.10,1.45
T0655,22.11,1.58
T0656,22.11,1.04
T0657,22.12,1.10
T0658,22.15,1.16
T0659,22.16,1.45
T0660,22.17,2.24
T0661,22.18,1.34
T0662,22.19,1.22
T0663,22.22,1.43
T0664,22.24,2.25
T0665,22.25,1.06
T0666,22.25,2.35
T0667,22.27,2.30
T0668,22.27,2.20
T0669,22.28,1.53
T0670,22.29,2.43
T0671,22.29,1.08
T0672,22.29,1.51
T0673,22.32,1.11
T0674,22.33,1.56
T0675,22.33,2.54
T0676,22.34,2.42
T0677,22.40,1.22
T0678,22.42,1.58
T0679,22.44,1.37
T0680,22.48,1.47
T0681,22.52,2.27
T0682,22.52,2.47
T0683,22.52,1.31
T0684,22.53,1.01
T0685,22.55,1.56
T0686,22.57,1.39
T0687,22.58,1.29
T0688,23.01,1.03
T0689,23.01,1.50
T0690,23.04,1.56
T0691,23.08,1.09
T0692,23.10,1.08
T0693,23.11,1.17
T0694,23.11,2.56
T0695,23.13,1.56
T0696,23.14,2.31
T0697,23.16,1.47
T0698,23.21,1.33
T0699,23.22,1.40
T0700,23.27,1.13
T0701,23.34,1.44
T0702,23.35,1.13
T0703,23.36,1.58
T0704,23.40,1.29
T0705,23.40,1.54
T0706,23.43,1.55
T0707,23.44,1.45
T0708,23.45,1.55
T0709,23.45,2.05
T0710,23.47,1.29
T0711,23.49,1.01
T0712,23.50,1.50
T0713,23.52,2.10
T0714,23.54,2.40
T0715,23.56,1.45
T0716,23.57,1.26
T0717,23.57,2.10
T0718,23.58,1.46
